date,time,parent_generation,tr,carc_type,carc_stage,carc_date,carc_wt,pair,male,female,male_size,female_size,larvae,success,carcass_used,tot_mass,efficiency_new_method,efficiency,ball,larvae_presence,hair_removal,clutch_size,egg_presence,notes,time_to_ball,time_to_larvae_presence,time_to_hair_removal,time_to_egg_presence,,yield,larval_density,sp,class,class_bird
5/23/23,,1,wild,紅鳩,immature,,47.15,1,55,85,5.51,,19,1,,4.929,,0.104538706,,,,,,1,,,,,,0.259421053,0.402969247,紅鳩,birds,birds
5/23/23,,1,wild,珠頸斑鳩,immature,,68.15,2,60,88,5.71,5.15,4,1,,0.7565,,0.011100514,,,,,,1,,,,,,0.189125,0.058694057,珠頸斑鳩,birds,birds
5/23/23,,1,wild,紅嘴黑鵯,immature,,18.32,3,83,55,6.1,5.71,0,0,,0,,,,,,,,1,,,,,,,,紅嘴黑鵯,birds,birds
5/23/23,,1,wild,紅鳩,immature,,45.67,4,84,62,6.19,5.21,0,0,,0,,,,,,,,1,,,,,,,,紅鳩,birds,birds
5/23/23,,1,wild,樹鵲,chick,,43.5,5,85,54,5.39,5.61,35,1,,7.3271,,0.16843908,,,,,,1,,,,,,0.209345714,0.804597701,樹鵲,birds,birds
5/23/23,,1,wild,樹鵲,chick,,41.77,6,87,58,5.97,5.66,10,1,,2.384,,0.057074455,,,,,,1,,,,,,0.2384,0.239406272,樹鵲,birds,birds
5/23/23,,1,wild,珠頸斑鳩,immature,,62.16,7,63,66,5.27,5.52,0,0,,0,,,,,,,,1,,,,,,,,珠頸斑鳩,birds,birds
5/23/23,,1,wild,珠頸斑鳩,immature,,60.3,8,74,77,4.43,,0,0,,0,,,,,,,,1,,,,,,,,珠頸斑鳩,birds,birds
5/23/23,,1,wild,珠頸斑鳩,immature,,74.86,9,61,89,5.99,5.99,3,1,,0.5337,,0.007129308,,,,,,1,,,,,,0.1779,0.040074806,珠頸斑鳩,birds,birds
5/23/23,,1,wild,珠頸斑鳩,immature,,67.42,10,80,53,,5.59,0,0,,0,,,,,,,,1,,,,,,,,珠頸斑鳩,birds,birds
5/23/23,,1,wild,紅鳩,adult,,85.25,11,64,90,4.33,5.24,0,0,,0,,,,,,,,1,,,,,,,,紅鳩,birds,birds
5/23/23,,1,wild,黑冠麻鷺,chick,,34.98,12,72,75,4.22,4.88,16,1,,4.1981,,0.120014294,,,,,,1,,,,,,0.26238125,0.457404231,黑冠麻鷺,birds,birds
5/23/23,,1,wild,白尾八哥,chick,,38.18,13,90,60,6.14,5.28,0,0,,0,,,,,,,,1,,,,,,,,白尾八哥,birds,birds
5/23/23,,1,wild,麻雀,adult,,16.04,14,54,83,5.64,6.24,0,0,,0,,,,,,,,1,,,,,,,,麻雀,birds,birds
5/23/23,,1,wild,白尾八哥,chick,,25.22,15,79,80,5.46,5.47,0,0,,0,,,,,,,,1,,,,,,,,白尾八哥,birds,birds
5/23/23,,1,lab,大白鼠,,,48.13,1,55,85,5.65,5.73,20,1,,4.9186,,0.102194058,,,,,,1,,,,,,0.24593,0.415541242,大白鼠,mammals,mice
5/23/23,,1,lab,大白鼠,,,66.66,2,60,88,5.73,4.68,0,0,,0,,,,,,,,1,,,,,,,,大白鼠,mammals,mice
5/23/23,,1,lab,小白鼠,,,20.08,3,83,55,5.07,5.73,14,1,,2.0899,,0.104078685,,,,,,1,,,,,,0.149278571,0.697211155,小白鼠,mammals,mice
5/23/23,,1,lab,大白鼠,,,46.32,4,84,62,6.42,5.58,0,0,,0,,,,,,,,1,,,,,,,,大白鼠,mammals,mice
5/23/23,,1,lab,大白鼠,,,52.89,5,85,54,5.8,5.56,0,0,,0,,,,,,,,1,,,,,,,,大白鼠,mammals,mice
5/23/23,,1,lab,小白鼠,,,39.82,6,87,58,5.53,5.81,5,1,,1.2555,,0.031529382,,,,,,1,,,,,,0.2511,0.125565043,小白鼠,mammals,mice
5/23/23,,1,lab,大白鼠,,,64.12,7,63,66,5.25,5.62,0,0,,0,,,,,,,,1,,,,,,,,大白鼠,mammals,mice
5/23/23,,1,lab,大白鼠,,,60.85,8,74,77,4.59,5.19,0,0,,0,,,,,,,,1,,,,,,,,大白鼠,mammals,mice
5/23/23,,1,lab,大白鼠,,,70.74,9,61,89,5.83,5.82,0,0,,0,,,,,,,,1,,,,,,,,大白鼠,mammals,mice
5/23/23,,1,lab,大白鼠,,,68.47,10,80,53,,,0,0,,0,,,,,,,,1,,,,,,,,大白鼠,mammals,mice
5/23/23,,1,lab,大白鼠,,,87.42,11,64,90,4.9,6.19,0,0,,0,,,,,,,,1,,,,,,,,大白鼠,mammals,mice
5/23/23,,1,lab,小白鼠,,,30.41,12,72,75,4.33,4.89,10,1,,2.829,,0.093028609,,,,,,1,,,,,,0.2829,0.328839198,小白鼠,mammals,mice
5/23/23,,1,lab,小白鼠,,,29.59,13,90,60,6.01,5.32,0,0,,0,,,,,,,,1,,,,,,,,小白鼠,mammals,mice
5/23/23,,1,lab,小白鼠,,,17.02,14,54,83,5.34,6.15,27,1,,4.6352,,0.272338425,,,,,,1,,,,,,0.171674074,1.586368978,小白鼠,mammals,mice
5/23/23,,1,lab,小白鼠,,,26.02,15,79,80,5.54,5.24,27,1,,6.5825,,0.252978478,,,,,,1,,,,,,0.243796296,1.037663336,小白鼠,mammals,mice
9/17/23,9/17/23 15:00,2,wild,家燕,chick,,7.46,1,12,2,5.73,5.71,0,0,,0,,,9/19/23 15:00,,9/19/23 7:00,2,9/18/23 7:00,1,2,,1.666666667,0.666666667,,,,家燕,birds,birds
9/17/23,9/17/23 15:00,2,wild,444671,,,5.55,2,13,40,5.46,5.97,0,0,,0,,,9/18/23 23:00,9/22/23 15:00,9/18/23 23:00,5,9/18/23 15:00,1,1.333333333,5,1.333333333,1,,,,臺灣長尾鼩,mammals,others
9/17/23,9/17/23 15:00,2,wild,斯式繡眼,immature,,3.17,3,56,61,5.55,5.32,0,0,,0,,,9/19/23 23:00,,9/19/23 23:00,0,,1,2.333333333,,2.333333333,,,,,斯式繡眼,birds,birds
9/17/23,9/17/23 15:00,2,wild,斯式繡眼,immature,,4.66,4,46,32,5.74,4.63,0,0,,0,,,9/20/23 7:00,,9/20/23 7:00,0,,1,2.666666667,,2.666666667,,,,,斯式繡眼,birds,birds
9/17/23,9/17/23 15:00,2,wild,家燕,adult,,12.26,5,36,45,5.46,4.64,17,1,,2.1719,,0.177153344,9/20/23 23:00,9/21/23 23:00,9/19/23 7:00,18,9/18/23 15:00,1,3.333333333,4.333333333,1.666666667,1,9/27/23,0.127758824,1.386623165,家燕,birds,birds
9/17/23,9/17/23 15:00,2,wild,麻雀,immature,,10.34,6,65,43,6.28,6.23,6,1,,1.4704,,0.142205029,9/19/23 15:00,9/22/23 23:00,9/19/23 7:00,14,9/19/23 7:00,1,2,5.333333333,1.666666667,1.666666667,9/26/23,0.245066667,0.580270793,麻雀,birds,birds
9/17/23,9/17/23 15:00,2,wild,麻雀,immature,,12.76,7,62,25,6.09,5.41,12,1,,2.2599,,0.17710815,9/19/23 7:00,9/21/23 15:00,9/19/23 7:00,18,9/18/23 7:00,1,1.666666667,4,1.666666667,0.666666667,9/26/23,0.188325,0.940438871,麻雀,birds,birds
9/17/23,9/17/23 15:00,2,wild,家燕,immature,,9.66,8,39,33,5.54,5.39,12,1,,2.0962,,0.21699793,9/19/23 15:00,9/21/23 15:00,9/19/23 7:00,11,9/18/23 7:00,1,2,4,1.666666667,0.666666667,9/26/23,0.174683333,1.242236025,家燕,birds,birds
9/17/23,9/17/23 15:00,2,wild,白頭翁,immature,,11.52,9,41,23,4.74,5.49,11,1,,1.4691,,0.127526042,9/20/23 7:00,9/21/23 23:00,9/19/23 7:00,13,9/18/23 15:00,1,2.666666667,4.333333333,1.666666667,1,9/27/23,0.133554545,0.954861111,白頭翁,birds,birds
9/17/23,9/17/23 15:00,2,wild,425615,,,13.73,10,16,5,5.55,5.66,16,1,,2.855,,0.20793882,9/19/23 7:00,9/22/23 23:00,,22,9/18/23 15:00,1,1.666666667,5.333333333,,1,,0.1784375,1.165331391,雨傘節,reptiles,others
9/17/23,9/17/23 15:00,2,wild,444660,,,21.94,11,60,6,6.01,5.17,31,1,,6.7088,,0.305779398,,9/22/23 23:00,9/19/23 7:00,33,9/19/23 7:00,1,,5.333333333,1.666666667,1.666666667,9/26/23,0.216412903,1.412944394,麻雀,birds,birds
9/17/23,9/17/23 15:00,2,wild,鼴鼠,,,40.43,12,51,52,5.24,5.3,46,1,,9.7147,,0.240284442,,9/22/23 23:00,9/19/23 23:00,25,9/19/23 15:00,1,,5.333333333,2.333333333,2,9/29/23,0.21118913,1.137768983,鼴鼠,mammals,others
9/17/23,9/17/23 15:00,2,wild,449935,,,26.32,13,17,26,4.93,4.44,27,1,,7.8576,,0.298541033,,9/22/23 7:00,9/19/23 23:00,28,9/18/23 15:00,1,,4.666666667,2.333333333,1,9/28/23,0.291022222,1.025835866,赤腰燕,birds,birds
9/17/23,9/17/23 15:00,2,wild,461020,,,19.95,14,10,29,5.41,5.91,21,1,,5.6511,,0.283263158,,9/21/23 15:00,,19,9/18/23 15:00,1,,4,,1,9/26/23,0.2691,1.052631579,多線真稜蜥,reptiles,others
9/17/23,9/17/23 15:00,2,wild,455752,,,20.44,15,47,44,5.08,6.05,16,1,,3.853,,0.188502935,9/19/23 7:00,9/21/23 23:00,,22,9/18/23 15:00,1,1.666666667,4.333333333,,1,9/27/23,0.2408125,0.782778865,花浪蛇,reptiles,others
9/17/23,9/17/23 15:00,2,wild,461033,,,28.83,16,20,34,5.5,5.55,25,1,,7.3015,,0.253260493,,9/22/23 7:00,9/19/23 7:00,32,9/18/23 23:00,1,,4.666666667,1.666666667,1.333333333,9/28/23,0.29206,0.867152272,白頭翁,birds,birds
9/17/23,9/17/23 15:00,2,wild,464753,,,51.91,17,58,8,4.73,5.41,15,1,,2.7054,,0.052117126,,9/22/23 7:00,,39,9/18/23 23:00,1,,4.666666667,,1.333333333,9/26/23,0.18036,0.288961664,青蛇,reptiles,others
9/17/23,9/17/23 15:00,2,wild,458234,,,76.12,18,27,58,5.92,5.75,13,1,,2.293,,0.030123489,,9/23/23 15:00,9/19/23 23:00,12,9/19/23 15:00,1,,6,2.333333333,2,9/30/23,0.176384615,0.170782974,五色鳥,birds,birds
9/17/23,9/17/23 15:00,2,wild,460882,,,48.56,19,21,64,5.31,5.63,0,0,,0,,,9/19/23 23:00,9/22/23 7:00,9/19/23 7:00,23,9/18/23 15:00,1,2.333333333,4.666666667,1.666666667,1,,,,樹鵲,birds,birds
9/17/23,9/17/23 15:00,2,wild,463583,,,44.15,20,63,54,5.14,5.68,16,1,,4.003,,0.090668177,9/19/23 23:00,,9/19/23 15:00,24,9/24/23 15:00,1,2.333333333,,2,7,9/30/23,0.2501875,0.362400906,亞洲輝椋鳥,birds,birds
9/17/23,9/17/23 15:00,2,wild,珠頸斑鳩,immature,,85.6,21,31,4,5.36,5.92,0,0,,0,,,,,,0,,1,,,,,,,,珠頸斑鳩,birds,birds
9/17/23,9/17/23 15:00,2,wild,小白鷺,chick,,124.59,22,11,47,5.87,5.85,9,1,,3.311,,0.026575167,,9/22/23 15:00,9/20/23 15:00,30,9/18/23 23:00,1,,5,3,1.333333333,,0.367888889,0.072236937,小白鷺,birds,birds
9/17/23,9/17/23 15:00,2,wild,447528,,,21.98,23,44,48,5.83,5.39,35,1,,7.6583,,0.348421292,9/19/23 23:00,9/21/23 23:00,9/19/23 7:00,32,9/18/23 15:00,1,2.333333333,4.333333333,1.666666667,1,9/27/23,0.218808571,1.592356688,麻雀,birds,birds
9/17/23,9/17/23 15:00,2,lab,小白鼠,,5/22/23,5.9,1,12,2,5.07,6.1,10,1,,1.7672,,0.299525424,9/19/23 7:00,9/22/23 23:00,9/19/23 7:00,13,9/19/23 15:00,1,1.666666667,5.333333333,1.666666667,2,9/27/23,0.17672,1.694915254,小白鼠,mammals,mice
9/17/23,9/17/23 15:00,2,lab,小白鼠,,5/22/23,5.84,2,13,40,5.66,6.01,0,0,,0,,,9/18/23 15:00,9/22/23 15:00,9/18/23 15:00,15,9/18/23 15:00,1,1,5,1,1,,,,小白鼠,mammals,mice
9/17/23,9/17/23 15:00,2,lab,小白鼠,,5/22/23,3.1,3,56,61,5.37,5.32,0,0,,0,,,9/18/23 23:00,,9/18/23 23:00,,,1,1.333333333,,1.333333333,,,,,小白鼠,mammals,mice
9/17/23,9/17/23 15:00,2,lab,小白鼠,,5/22/23,3.59,4,46,32,6.14,5.37,0,0,,0,,,9/19/23 7:00,,9/19/23 7:00,1,9/19/23 7:00,1,1.666666667,,1.666666667,1.666666667,,,,小白鼠,mammals,mice
9/17/23,9/17/23 15:00,2,lab,小白鼠,,5/22/23,10.77,5,36,45,5.56,5.21,6,1,,1.6231,,0.150705664,9/18/23 23:00,9/21/23 15:00,9/18/23 23:00,15,9/18/23 7:00,1,1.333333333,4,1.333333333,0.666666667,9/26/23,0.270516667,0.557103064,小白鼠,mammals,mice
9/17/23,9/17/23 15:00,2,lab,小白鼠,,5/22/23,9.45,6,65,43,5.02,5.51,6,1,,1.2908,,0.136592593,9/18/23 23:00,9/23/23 23:00,9/18/23 23:00,2,9/20/23 15:00,1,1.333333333,6.333333333,1.333333333,3,9/28/23,0.215133333,0.634920635,小白鼠,mammals,mice
9/17/23,9/17/23 15:00,2,lab,小白鼠,,5/22/23,17.37,7,62,25,5.08,5.68,21,1,,3.6239,,0.208629822,9/19/23 15:00,9/21/23 23:00,9/19/23 15:00,32,9/18/23 15:00,1,2,4.333333333,2,1,9/27/23,0.172566667,1.208981002,小白鼠,mammals,mice
9/17/23,9/17/23 15:00,2,lab,小白鼠,,5/22/23,9.01,8,39,33,5.29,5.41,13,1,,2.5925,,0.287735849,9/18/23 23:00,9/22/23 15:00,9/18/23 23:00,19,9/18/23 15:00,1,1.333333333,5,1.333333333,1,9/26/23,0.199423077,1.442841287,小白鼠,mammals,mice
9/17/23,9/17/23 15:00,2,lab,小白鼠,,5/22/23,13.5,9,41,23,5.67,5.49,25,1,,3.7974,,0.281288889,9/18/23 23:00,9/21/23 15:00,9/18/23 23:00,32,9/18/23 7:00,1,1.333333333,4,1.333333333,0.666666667,9/26/23,0.151896,1.851851852,小白鼠,mammals,mice
9/17/23,9/17/23 15:00,2,lab,小白鼠,,5/22/23,15.61,10,16,5,5.3,6.02,21,1,,4.4223,,0.283299167,9/18/23 23:00,9/21/23 23:00,9/18/23 23:00,28,9/18/23 15:00,1,1.333333333,4.333333333,1.333333333,1,9/27/23,0.210585714,1.34529148,小白鼠,mammals,mice
9/17/23,9/17/23 15:00,2,lab,小白鼠,,5/16/23,20.23,11,60,6,5.12,5.79,19,1,,4.9734,,0.245842808,9/19/23 15:00,9/22/23 23:00,9/19/23 15:00,25,9/19/23 15:00,1,2,5.333333333,2,2,9/28/23,0.261757895,0.939199209,小白鼠,mammals,mice
9/17/23,9/17/23 15:00,2,lab,小白鼠,,5/22/23,36.56,12,51,52,5.81,5.4,0,0,,0,,,,,9/19/23 23:00,,,1,,,2.333333333,,,,,小白鼠,mammals,mice
9/17/23,9/17/23 15:00,2,lab,小白鼠,,5/16/23,21.15,13,17,26,5.17,5.46,30,1,,6.2436,,0.295205674,9/19/23 7:00,9/21/23 23:00,9/19/23 7:00,41,9/18/23 7:00,1,1.666666667,4.333333333,1.666666667,0.666666667,9/27/23,0.20812,1.418439716,小白鼠,mammals,mice
9/17/23,9/17/23 15:00,2,lab,小白鼠,,5/22/23,17.99,14,10,29,5.42,5.75,0,0,,0,,,9/19/23 23:00,9/22/23 23:00,9/19/23 23:00,16,9/18/23 15:00,1,2.333333333,5.333333333,2.333333333,1,,,,小白鼠,mammals,mice
9/17/23,9/17/23 15:00,2,lab,小白鼠,,5/16/23,22.98,15,47,44,5.42,5.66,26,1,,5.0712,,0.220678851,9/19/23 23:00,9/22/23 23:00,9/19/23 23:00,30,9/18/23 23:00,1,2.333333333,5.333333333,2.333333333,1.333333333,,0.195046154,1.131418625,小白鼠,mammals,mice
9/17/23,9/17/23 15:00,2,lab,小白鼠,,5/16/23,24.94,16,20,34,5.48,5.61,30,1,,6.9045,,0.276844427,9/19/23 15:00,9/22/23 23:00,9/19/23 15:00,34,9/19/23 15:00,1,2,5.333333333,2,2,9/28/23,0.23015,1.202886929,小白鼠,mammals,mice
9/17/23,9/17/23 15:00,2,lab,大白鼠,,5/22/23,64.27,17,58,8,5.85,5.22,0,0,,0,,,9/19/23 23:00,,9/20/23 7:00,19,9/19/23 23:00,1,2.333333333,,2.666666667,2.333333333,,,,大白鼠,mammals,mice
9/17/23,9/17/23 15:00,2,lab,大白鼠,,5/22/23,63.83,18,27,58,5.66,5.66,30,1,,8.087,,0.126695911,9/19/23 23:00,9/22/23 23:00,9/20/23 15:00,35,9/18/23 23:00,1,2.333333333,5.333333333,3,1.333333333,9/30/23,0.269566667,0.469998433,大白鼠,mammals,mice
9/17/23,9/17/23 15:00,2,lab,小白鼠,,5/22/23,42.83,19,21,64,5.15,5.71,0,0,,0,,,9/20/23 23:00,9/25/23 7:00,9/19/23 23:00,7,9/19/23 15:00,1,3.333333333,7.666666667,2.333333333,2,,,,小白鼠,mammals,mice
9/17/23,9/17/23 15:00,2,lab,小白鼠,,5/22/23,45.41,20,63,54,5.18,5.81,4,1,,0.8913,,0.019627835,,,9/20/23 7:00,16,,1,,,2.666666667,,9/30/23,0.222825,0.088086325,小白鼠,mammals,mice
9/17/23,9/17/23 15:00,2,lab,大白鼠,,,89.44,21,31,4,5.6,5.91,0,0,,0,,,9/19/23 15:00,9/22/23 23:00,9/20/23 7:00,20,9/20/23 15:00,1,2,5.333333333,2.666666667,3,,,,大白鼠,mammals,mice
9/17/23,9/17/23 15:00,2,lab,大白鼠,,,96.35,22,11,47,5.65,4.67,0,0,,0,,,,,,7,9/19/23 7:00,1,,,,1.666666667,9/30/23,,,大白鼠,mammals,mice
9/17/23,9/17/23 15:00,2,lab,小白鼠,,5/16/23,25.09,23,44,48,5.85,5.33,7,1,,2.4598,,0.098039059,9/19/23 7:00,,9/19/23 7:00,34,9/19/23 7:00,1,1.666666667,,1.666666667,1.666666667,,0.3514,0.278995616,小白鼠,mammals,mice
2023/11/28,,3,lab,小白鼠,,,3.98,1,1,7,4.48,5.05,1,1,3.8147,0.1676,0.9595,0.042110553,,,,16,,1,,,,,,0.1676,0.25153436,小白鼠,mammals,mice
2023/11/28,,3,lab,小白鼠,,,6.18,2,13,25,4.7,5.69,0,0,0,0,0.1216,,,,,0,,1,,,,,,,,小白鼠,mammals,mice
2023/11/28,,3,lab,小白鼠,,,7.18,3,20,29,5.11,5,13,1,11.2969,1.7031,0.3164,0.237200557,,,,17,,1,,,,,,0.131007692,1.811240839,小白鼠,mammals,mice
2023/11/28,,3,lab,小白鼠,,,11.65,4,33,44,5.21,5.24,0,0,0,0,0.0857,,,,,0,,1,,,,,,,,小白鼠,mammals,mice
2023/11/28,,3,lab,小白鼠,,,19.01,5,36,49,5.21,5.65,7,1,5.8469,1.1531,0.1118,0.060657549,,,,18,,1,,,,,,0.164728571,0.368159466,小白鼠,mammals,mice
2023/11/28,,3,lab,小白鼠,,,17.45,6,38,42,4.66,5.5,14,1,11.1192,2.8808,0.2252,0.165088825,,,,45,,1,,,,,,0.205771429,0.802292264,小白鼠,mammals,mice
2023/11/28,,3,lab,小白鼠,,,10.54,7,47,51,5.01,5.67,10,1,8.4228,1.5772,0.1879,0.149639469,,,,14,,1,,,,,,0.15772,0.948766603,小白鼠,mammals,mice
2023/11/28,,3,lab,小白鼠,,,17.66,8,56,62,4.99,5.21,19,1,15.7452,3.2548,0.1794,0.184303511,,,,21,,1,,,,,,0.171305263,1.07587769,小白鼠,mammals,mice
2023/11/28,,3,lab,小白鼠,,,8.74,9,58,60,4.79,5.6,0,0,0,0,0.0806,,,,,0,,1,,,,,,,,小白鼠,mammals,mice
2023/11/28,,3,lab,小白鼠,,,7.87,10,42,39,5.35,5.21,0,0,0,0,0.1029,,,,,4,,1,,,,,,,,小白鼠,mammals,mice
2023/11/28,,3,lab,小白鼠,,,11.2,11,6,46,4.82,5.07,16,1,13.3044,2.6956,0.3389,0.240678571,,,,24,,1,,,,,,0.168475,1.428571429,小白鼠,mammals,mice
2023/11/28,,3,lab,小白鼠,,,14.07,12,18,26,5.01,5.19,12,1,9.3143,2.6857,0.2765,0.190881308,,,,25,,1,,,,,,0.223808333,0.852878465,小白鼠,mammals,mice
2023/11/28,,3,lab,小白鼠,,,23.01,13,8,13,4.54,5.1,28,1,21.0384,6.9616,0.2557,0.302546719,,,,39,,1,,,,,,0.248628571,1.216862234,小白鼠,mammals,mice
2023/11/28,,3,lab,小白鼠,,,27.04,14,39,57,5.18,4.76,5,1,3.3622,1.6378,0.1416,0.060569527,,,,41,,1,,,,,,0.32756,0.184911243,小白鼠,mammals,mice
2023/11/28,,3,lab,小白鼠,,,25.06,15,61,37,4.91,4.1,31,1,25.0997,5.9003,0.3384,0.235446927,,,,43,,1,,,,,,0.190332258,1.237031125,小白鼠,mammals,mice
2023/11/28,,3,lab,小白鼠,,,29.74,16,32,10,3.71,4.51,0,0,0,0,0.0762,,,,,0,,1,,,,,,,,小白鼠,mammals,mice
2023/11/28,,3,lab,小白鼠,,,24.84,17,15,24,4.37,4.99,27,1,20.006,6.994,0.2341,0.281561997,,,,24,,1,,,,,,0.259037037,1.086956522,小白鼠,mammals,mice
2023/11/28,,3,lab,小白鼠,,,25.29,18,20,40,5.71,4.22,23,1,17.4922,5.5078,0.3336,0.217785686,,,,26,,1,,,,,,0.239469565,0.909450376,小白鼠,mammals,mice
2023/11/28,,3,lab,小白鼠,,,27.9,19,50,58,5.31,4.47,38,1,29.8544,8.1456,0.3403,0.291956989,,,,44,,1,,,,,,0.214357895,1.362007168,小白鼠,mammals,mice
2023/11/28,,3,lab,小白鼠,,,37.81,20,11,38,4.91,5.32,0,0,0,0,0.0755,,,,,0,,1,,,,,,,,小白鼠,mammals,mice
2023/11/28,,3,lab,大白鼠,,,41.56,21,7,16,4.44,5.01,0,0,0,0,0.0462,,,,,0,,1,,,,,,,,大白鼠,mammals,mice
2023/11/28,,3,lab,小白鼠,,,23.37,22,27,28,5.35,5.05,20,1,14.5335,5.4665,0.2906,0.233910997,,,,33,,1,,,,,,0.273325,0.855798032,小白鼠,mammals,mice
2023/11/28,,3,lab,小白鼠,,,25.23,23,37,6,4.51,3.87,0,0,0,0,0.0952,,,,,0,,1,,,,,,,,小白鼠,mammals,mice
2023/11/28,,3,lab,小白鼠,,,21.51,24,54,36,4.57,5.03,13,1,9.1448,3.8552,0.0977,0.179228266,,,,29,,1,,,,,,0.296553846,0.60437006,小白鼠,mammals,mice
2023/11/28,,3,lab,小白鼠,,,25.66,25,55,61,5.41,5.22,30,1,22.8144,7.1856,0.3257,0.280031177,,,,43,,1,,,,,,0.23952,1.16913484,小白鼠,mammals,mice
2023/11/28,,3,lab,小白鼠,,,27.5,26,5,15,5.3,5.01,19,1,14.1937,4.8063,0.2565,0.174774545,,,,72,,1,,,,,,0.252963158,0.690909091,小白鼠,mammals,mice
2023/11/28,,3,lab,大白鼠,,,52.63,27,16,27,5.34,5.16,30,1,20.7235,9.2765,0.2169,0.176258788,,,,26,,1,,,,,,0.309216667,0.570017101,大白鼠,mammals,mice
2023/11/28,,3,lab,小白鼠,,,10.24,28,9,30,4.41,5.14,15,1,13.2588,1.7412,0.2688,0.170039063,,,,24,,1,,,,,,0.11608,1.46484375,小白鼠,mammals,mice
2023/11/28,,3,lab,小白鼠,,,19.73,29,29,33,4.49,5.5,29,1,23.6273,5.3727,0.3592,0.272311201,,,,44,,1,,,,,,0.185265517,1.469842879,小白鼠,mammals,mice
2023/11/28,,3,lab,小白鼠,,,19.29,30,24,54,5.21,4.6,19,1,15.1458,3.8542,0.2945,0.199803007,,,,17,,1,,,,,,0.202852632,0.984966304,小白鼠,mammals,mice
2023/11/28,,3,lab,小白鼠,,,25.59,31,18,9,5.79,4.65,29,1,23.1151,5.8849,0.4355,0.229968738,,,,40,,1,,,,,,0.202927586,1.133255178,小白鼠,mammals,mice
2023/11/28,,3,lab,小白鼠,,,15.67,32,25,11,6.11,4.43,0,0,0,0,0.1331,,,,,0,,1,,,,,,,,小白鼠,mammals,mice
2023/11/28,,3,lab,小白鼠,,,10.37,33,57,47,5.49,5.57,16,1,13.8742,2.1258,0.3226,0.204995178,,,,35,,1,,,,,,0.1328625,1.542912247,小白鼠,mammals,mice
2023/11/28,,3,lab,小白鼠,,,11.72,34,51,48,4.44,5.76,13,1,10.41,2.59,0.3417,0.220989761,,,,24,,1,,,,,,0.199230769,1.109215017,小白鼠,mammals,mice
2023/11/28,,3,lab,小白鼠,,,10.73,35,28,50,5.01,5.76,18,1,17.6036,0.3964,0.1418,0.03694315,,,,42,,1,,,,,,0.022022222,1.677539609,小白鼠,mammals,mice
2023/11/28,,3,lab,小白鼠,,,17.12,36,49,1,5.51,4.59,34,1,31.0849,2.9151,0.3114,0.170274533,,,,30,,1,,,,,,0.085738235,1.985981308,小白鼠,mammals,mice
2023/11/28,,3,lab,小白鼠,,,23.52,37,26,56,5.57,4.86,10,1,7.0849,2.9151,0.1893,0.123941327,,,,42,,1,,,,,,0.29151,0.425170068,小白鼠,mammals,mice
2023/11/28,,3,lab,大白鼠,,,88.09,38,13,62,4.74,5.16,0,0,0,0,0.1267,,,,,5,,1,,,,,,,,大白鼠,mammals,mice
2023/11/28,,3,lab,大白鼠,,,80.21,39,27,38,5.01,5.28,0,0,0,0,0.7089,,,,,44,,1,,,,,,,,大白鼠,mammals,mice
2023/11/28,,3,lab,大白鼠,,,98.88,40,29,39,5.15,4.43,0,0,0,0,0.1911,,,,,0,,1,,,,,,,,大白鼠,mammals,mice
2023/11/28,,3,wild,#448832,,,3.79,1,1,7,4.46,4.41,0,0,0.11,0,0.029023747,,,,,0,,1,,,,,,,,東亞家蝠,mammals,others
2023/11/28,,3,wild,#42800,,,5.71,2,13,25,4.92,5.77,10,1,2.4297,1.5197,0.425516637,0.26614711,,,,13,,1,,,,,,0.15197,1.751313485,東亞家蝠,mammals,others
2023/11/28,,3,wild,家燕,,,7.4,3,20,29,4.91,5.08,6,1,1.3297,0.4397,0.179689189,0.059418919,,,,24,,1,,,,,,0.073283333,0.810810811,家燕,birds,birds
2023/11/28,,3,wild,#460883,,,10.65,4,33,44,5.65,4.83,15,1,3.1569,2.3947,0.296422535,0.22485446,,,,34,,1,,,,,,0.159646667,1.408450704,斯氏繡眼,birds,birds
2023/11/28,,3,wild,#467302,,,20.21,5,36,49,4.96,5.26,14,1,4.3805,2.996,0.216749134,0.148243444,,,,17,,1,,,,,,0.214,0.692726373,翠鳥,birds,birds
2023/11/28,,3,wild,#452592,,,17.45,6,38,42,4.55,5.48,0,0,0.04,0,0.002292264,,,,,0,,1,,,,,,,,麻雀,birds,birds
2023/11/28,,3,wild,#447689,,,13.04,7,47,51,5.11,5.58,0,0,0.76,0,0.058282209,,,,,0,,1,,,,,,,,南蛇,reptiles,others
2023/11/28,,3,wild,#455751,,,13.64,8,56,62,5.12,5.44,0,0,0.89,0,0.065249267,,,,,27,,1,,,,,,,,鉛色水蛇,reptiles,others
2023/11/28,,3,wild,臭鼩,,,7.84,9,58,60,4.46,5.37,0,0,0.85,0,0.108418367,,,,,17,,1,,,,,,,,臭鼩,mammals,others
2023/11/28,,3,wild,#440910,,,9.12,10,42,39,5.38,4.98,4,1,2.1822,1.3622,0.239276316,0.149364035,,,,12,,1,,,,,,0.34055,0.438596491,斯文豪氏攀蜥,reptiles,others
2023/11/28,,3,wild,麻雀,,,12.27,11,6,46,4.9,5.16,17,1,3.1791,2.418,0.259095355,0.197066015,,,,16,,1,,,,,,0.142235294,1.385493073,麻雀,birds,birds
2023/11/28,,3,wild,白頭翁,,,12.75,12,18,26,5.11,5.08,13,1,2.1149,1.2449,0.16587451,0.097639216,,,,27,,1,,,,,,0.095761538,1.019607843,白頭翁,birds,birds
2023/11/28,,3,wild,#441567,,,23.01,13,8,13,4.35,5.12,14,1,3.819,2.449,0.165971317,0.106431986,,,,20,,1,,,,,,0.174928571,0.608431117,麻雀,birds,birds
2023/11/28,,3,wild,#446496,,,25.72,14,39,57,5.52,4.97,19,1,5.6775,5.3175,0.220742613,0.206745723,,,,19,,1,,,,,,0.279868421,0.738724728,長尾真稜蜥,reptiles,others
2023/11/28,,3,wild,雨傘節,,,25.21,15,61,37,5.37,5.04,0,0,1.68,0,0.066640222,,,,,30,,1,,,,,,,,雨傘節,reptiles,others
2023/11/28,,3,wild,#461045,,,28.1,16,32,10,4.64,5.05,25,1,2.7349,4.7512,0.097327402,0.169081851,,,,16,,1,,,,,,0.190048,0.889679715,白頭翁,birds,birds
2023/11/28,,3,wild,#462476,,,27.82,17,15,24,4.86,4.97,29,1,9.0581,7.7581,0.325596693,0.278867721,,,,28,,1,,,,,,0.26752069,1.042415528,白頭翁,birds,birds
2023/11/28,,3,wild,#442722,,,25.46,18,20,40,5.65,4.67,0,0,1.82,0,0.071484682,,,,,0,,1,,,,,,,,長尾真稜蜥,reptiles,others
2023/11/28,,3,wild,#466492,,,27.61,19,50,58,5.87,4.93,36,1,9.4091,7.4085,0.340785947,0.268326693,,,,48,,1,,,,,,0.205791667,1.303875407,大頭蛇,reptiles,others
2023/11/28,,3,wild,大頭蛇,,,43.23,20,11,38,4.86,5.24,7,1,4.8546,2.1246,0.112297016,0.049146426,,,,40,,1,,,,,,0.303514286,0.161924589,大頭蛇,reptiles,others
2023/11/28,,3,wild,#440911,,,43.95,21,7,16,5.31,5.53,30,1,10.9015,8.24,0.248043231,0.187485779,,,,36,,1,,,,,,0.274666667,0.682593857,大頭蛇,reptiles,others
2023/11/28,,3,wild,#447979,,,21.37,22,27,28,4.6,5.54,16,1,6.5787,3.8801,0.30784745,0.181567618,,,,32,,1,,,,,,0.24250625,0.748713149,麻雀,birds,birds
2023/11/28,,3,wild,#460048,,,22.06,23,37,6,5.06,4.33,5,1,3.6411,0.8132,0.165054397,0.036863101,,,,0,,1,,,,,,0.16264,0.226654578,麻雀,birds,birds
2023/11/28,,3,wild,#468114,,,19.2,24,54,36,5.12,4.82,19,1,4.7012,3.4233,0.244854167,0.178296875,,,,0,,1,,,,,,0.180173684,0.989583333,麻雀,birds,birds
2023/11/28,,3,wild,#464760,,,24.78,25,55,61,4.96,5.25,29,1,8.2796,4.8142,0.334124294,0.194277643,,,,29,,1,,,,,,0.166006897,1.170298628,白頭翁,birds,birds
2023/11/28,,3,wild,#446896,,,25.44,26,5,15,5.3,5.53,24,1,4.9807,3.8507,0.195782233,0.151363994,,,,33,,1,,,,,,0.160445833,0.943396226,長尾真稜蜥,reptiles,others
2023/11/28,,3,wild,#463978,,,42.96,27,16,27,5.62,5.03,0,0,2.0379,0,0.047437151,,,,,28,,1,,,,,,,,紅斑蛇,reptiles,others
2023/11/28,,3,wild,家燕,,,8,28,9,30,4.69,5.25,0,0,12.6942,0,1.586775,,,,,14,,1,,,,,,,,家燕,birds,birds
2023/11/28,,3,wild,#463032,,,19.26,29,29,33,4.87,5.57,0,0,4.2271,0,0.219475597,,,,,62,,1,,,,,,,,麻雀,birds,birds
2023/11/28,,3,wild,#459338,,,18.77,30,24,54,5.17,4.94,19,1,5.6114,4.1007,0.298955781,0.218470964,,,,47,,1,,,,,,0.215826316,1.012253596,麻雀,birds,birds
2023/11/28,,3,wild,#454838,,,23.37,31,18,9,5.19,4.62,32,1,7.9239,6.4013,0.339062901,0.273910997,,,,30,,1,,,,,,0.200040625,1.369276851,麻雀,birds,birds
2023/11/28,,3,wild,#462248,,,13.15,32,25,11,5.84,4.18,0,0,1.55,0,0.117870722,,,,,0,,1,,,,,,,,家燕,birds,birds
2023/11/28,,3,wild,#448622,,,8.19,33,57,47,5.59,5.53,14,1,11.014,1.894,1.344810745,0.231257631,,,,0,,1,,,,,,0.135285714,1.709401709,褐頭鷦鶯(台灣亞種),birds,birds
2023/11/28,,3,wild,#457699,,,10.35,34,51,48,4.6,5.44,0,0,1.9543,0,0.188821256,,,,,0,,1,,,,,,,,斯氏繡眼,birds,birds
2023/11/28,,3,wild,#465226,,,9.06,35,28,50,5.7,5.44,11,1,2.4298,1.8612,0.268189845,0.205430464,,,,6,,1,,,,,,0.1692,1.214128035,斯氏繡眼,birds,birds
2023/11/28,,3,wild,#459046,,,15.16,36,49,1,5.28,4.51,23,1,5.6457,4.3357,0.372407652,0.285996042,,,,21,,1,,,,,,0.188508696,1.517150396,白頭翁,birds,birds
2023/11/28,,3,wild,#465188,,,21.91,37,26,56,5.27,4.51,21,1,7.5169,3.012,0.343080785,0.137471474,,,,25,,1,,,,,,0.143428571,0.958466454,赤尾青竹絲,reptiles,others
2023/11/28,,3,wild,金背鳩,,,108.75,38,13,62,5.43,5.24,36,1,28.008,7.178,0.257544828,0.066004598,,,,30,,1,,,,,,0.199388889,0.331034483,金背鳩,birds,birds
2023/11/28,,3,wild,紅鳩,,,99.53,39,27,38,5.11,4.88,3,1,5.1663,0.9092,0.051906963,0.009134934,,,,34,,1,,,,,,0.303066667,0.030141666,紅鳩,birds,birds
2023/11/28,,3,wild,金背鳩,,,98.89,40,29,39,5.21,5.29,0,0,0,3.5947,0.03635049,,,,,17,,1,,,,,,,,金背鳩,birds,birds